ClassID,Category,Support,Precision,Recall,F1
1,dog,40,0.512820512820513,0.5,0.506329113924051
2,rooster,40,0.58695652173913,0.675,0.627906976744186
3,rain,40,0.595238095238095,0.625,0.609756097560976
4,sea_waves,40,0.545454545454545,0.75,0.631578947368421
5,crackling_fire,40,0.5,0.6,0.545454545454545
6,crying_baby,40,0.659574468085106,0.775,0.71264367816092
7,sneezing,40,0.575757575757576,0.475,0.520547945205479
8,clock_tick,40,0.580645161290323,0.45,0.507042253521127
9,helicopter,40,0.552631578947368,0.525,0.538461538461538
10,chainsaw,40,0.571428571428571,0.3,0.39344262295082
