Group,Model,TestFold,TrainN,TestN,Accuracy_percent,MacroF1
A,SVM_RBF,1,320,80,52.5,0.518722890381929
A,kNN_5,1,320,80,50,0.479694252353291
A,SVM_RBF,2,320,80,65,0.645697756835528
A,kNN_5,2,320,80,57.5,0.544804770393006
A,SVM_RBF,3,320,80,67.5,0.65548902336054
A,kNN_5,3,320,80,60,0.589187675070028
A,SVM_RBF,4,320,80,66.25,0.659445332788986
A,kNN_5,4,320,80,60,0.585500349323879
A,SVM_RBF,5,320,80,72.5,0.727355912061794
A,kNN_5,5,320,80,58.75,0.564600404755203
B,SVM_RBF,1,320,80,62.5,0.590506781660032
B,kNN_5,1,320,80,53.75,0.512778147989818
B,SVM_RBF,2,320,80,60,0.60718487394958
B,kNN_5,2,320,80,60,0.600117573345127
B,SVM_RBF,3,320,80,56.25,0.548727057742066
B,kNN_5,3,320,80,52.5,0.519124209124209
B,SVM_RBF,4,320,80,63.75,0.638922816089999
B,kNN_5,4,320,80,65,0.637940484494193
B,SVM_RBF,5,320,80,61.25,0.598298601982812
B,kNN_5,5,320,80,52.5,0.518206445257529
C,SVM_RBF,1,320,80,67.5,0.666487832772663
C,kNN_5,1,320,80,58.75,0.574968864468864
C,SVM_RBF,2,320,80,71.25,0.712074671974053
C,kNN_5,2,320,80,61.25,0.586440942098837
C,SVM_RBF,3,320,80,73.75,0.734011754499371
C,kNN_5,3,320,80,66.25,0.650462821492233
C,SVM_RBF,4,320,80,78.75,0.789294692235869
C,kNN_5,4,320,80,63.75,0.629996408819938
C,SVM_RBF,5,320,80,76.25,0.744019607843137
C,kNN_5,5,320,80,58.75,0.545309265897501
