filename,fold,target,category,esc10,src_file,take,class_id,sample_rate,num_samples,num_channels,duration_s
2-114280-A-0.wav,2,0,dog,True,114280,A,1,44100,220500,1,5
2-114587-A-0.wav,2,0,dog,True,114587,A,1,44100,220500,1,5
2-116400-A-0.wav,2,0,dog,True,116400,A,1,44100,220500,1,5
2-117271-A-0.wav,2,0,dog,True,117271,A,1,44100,220500,1,5
2-118072-A-0.wav,2,0,dog,True,118072,A,1,44100,220500,1,5
2-118964-A-0.wav,2,0,dog,True,118964,A,1,44100,220500,1,5
2-122104-A-0.wav,2,0,dog,True,122104,A,1,44100,220500,1,5
2-122104-B-0.wav,2,0,dog,True,122104,B,1,44100,220500,1,5
2-100786-A-1.wav,2,1,rooster,True,100786,A,2,44100,220500,1,5
2-65750-A-1.wav,2,1,rooster,True,65750,A,2,44100,220500,1,5
2-71162-A-1.wav,2,1,rooster,True,71162,A,2,44100,220500,1,5
2-81270-A-1.wav,2,1,rooster,True,81270,A,2,44100,220500,1,5
2-95035-A-1.wav,2,1,rooster,True,95035,A,2,44100,220500,1,5
2-95258-A-1.wav,2,1,rooster,True,95258,A,2,44100,220500,1,5
2-95258-B-1.wav,2,1,rooster,True,95258,B,2,44100,220500,1,5
2-96460-A-1.wav,2,1,rooster,True,96460,A,2,44100,220500,1,5
2-101676-A-10.wav,2,10,rain,True,101676,A,3,44100,220500,1,5
2-117625-A-10.wav,2,10,rain,True,117625,A,3,44100,220500,1,5
2-72970-A-10.wav,2,10,rain,True,72970,A,3,44100,220500,1,5
2-73027-A-10.wav,2,10,rain,True,73027,A,3,44100,220500,1,5
2-73260-A-10.wav,2,10,rain,True,73260,A,3,44100,220500,1,5
2-81731-A-10.wav,2,10,rain,True,81731,A,3,44100,220500,1,5
2-82367-A-10.wav,2,10,rain,True,82367,A,3,44100,220500,1,5
2-87781-A-10.wav,2,10,rain,True,87781,A,3,44100,220500,1,5
2-102852-A-11.wav,2,11,sea_waves,True,102852,A,4,44100,220500,1,5
2-124662-A-11.wav,2,11,sea_waves,True,124662,A,4,44100,220500,1,5
2-125966-A-11.wav,2,11,sea_waves,True,125966,A,4,44100,220500,1,5
2-132157-A-11.wav,2,11,sea_waves,True,132157,A,4,44100,220500,1,5
2-132157-B-11.wav,2,11,sea_waves,True,132157,B,4,44100,220500,1,5
2-133863-A-11.wav,2,11,sea_waves,True,133863,A,4,44100,220500,1,5
2-137162-A-11.wav,2,11,sea_waves,True,137162,A,4,44100,220500,1,5
2-155801-A-11.wav,2,11,sea_waves,True,155801,A,4,44100,220500,1,5
2-18766-A-12.wav,2,12,crackling_fire,True,18766,A,5,44100,220500,1,5
2-18766-B-12.wav,2,12,crackling_fire,True,18766,B,5,44100,220500,1,5
2-28314-A-12.wav,2,12,crackling_fire,True,28314,A,5,44100,220500,1,5
2-28314-B-12.wav,2,12,crackling_fire,True,28314,B,5,44100,220500,1,5
2-30322-A-12.wav,2,12,crackling_fire,True,30322,A,5,44100,220500,1,5
2-30322-B-12.wav,2,12,crackling_fire,True,30322,B,5,44100,220500,1,5
2-61311-A-12.wav,2,12,crackling_fire,True,61311,A,5,44100,220500,1,5
2-65747-A-12.wav,2,12,crackling_fire,True,65747,A,5,44100,220500,1,5
2-107351-A-20.wav,2,20,crying_baby,True,107351,A,6,44100,220500,1,5
2-107351-B-20.wav,2,20,crying_baby,True,107351,B,6,44100,220500,1,5
2-151079-A-20.wav,2,20,crying_baby,True,151079,A,6,44100,220500,1,5
2-50665-A-20.wav,2,20,crying_baby,True,50665,A,6,44100,220500,1,5
2-50666-A-20.wav,2,20,crying_baby,True,50666,A,6,44100,220500,1,5
2-66637-A-20.wav,2,20,crying_baby,True,66637,A,6,44100,220500,1,5
2-66637-B-20.wav,2,20,crying_baby,True,66637,B,6,44100,220500,1,5
2-80482-A-20.wav,2,20,crying_baby,True,80482,A,6,44100,220500,1,5
2-109505-A-21.wav,2,21,sneezing,True,109505,A,7,44100,220500,1,5
2-118104-A-21.wav,2,21,sneezing,True,118104,A,7,44100,220500,1,5
2-119102-A-21.wav,2,21,sneezing,True,119102,A,7,44100,220500,1,5
2-128631-A-21.wav,2,21,sneezing,True,128631,A,7,44100,220500,1,5
2-130978-A-21.wav,2,21,sneezing,True,130978,A,7,44100,220500,1,5
2-130979-A-21.wav,2,21,sneezing,True,130979,A,7,44100,220500,1,5
2-82538-A-21.wav,2,21,sneezing,True,82538,A,7,44100,220500,1,5
2-93030-A-21.wav,2,21,sneezing,True,93030,A,7,44100,220500,1,5
2-119748-A-38.wav,2,38,clock_tick,True,119748,A,8,44100,220500,1,5
2-127108-A-38.wav,2,38,clock_tick,True,127108,A,8,44100,220500,1,5
2-131943-A-38.wav,2,38,clock_tick,True,131943,A,8,44100,220500,1,5
2-134700-A-38.wav,2,38,clock_tick,True,134700,A,8,44100,220500,1,5
2-135728-A-38.wav,2,38,clock_tick,True,135728,A,8,44100,220500,1,5
2-140147-A-38.wav,2,38,clock_tick,True,140147,A,8,44100,220500,1,5
2-141584-A-38.wav,2,38,clock_tick,True,141584,A,8,44100,220500,1,5
2-88724-A-38.wav,2,38,clock_tick,True,88724,A,8,44100,220500,1,5
2-188822-A-40.wav,2,40,helicopter,True,188822,A,9,44100,220500,1,5
2-188822-B-40.wav,2,40,helicopter,True,188822,B,9,44100,220500,1,5
2-188822-C-40.wav,2,40,helicopter,True,188822,C,9,44100,220500,1,5
2-188822-D-40.wav,2,40,helicopter,True,188822,D,9,44100,220500,1,5
2-37806-A-40.wav,2,40,helicopter,True,37806,A,9,44100,220500,1,5
2-37806-B-40.wav,2,40,helicopter,True,37806,B,9,44100,220500,1,5
2-37806-C-40.wav,2,40,helicopter,True,37806,C,9,44100,220500,1,5
2-37806-D-40.wav,2,40,helicopter,True,37806,D,9,44100,220500,1,5
2-50667-A-41.wav,2,41,chainsaw,True,50667,A,10,44100,220500,1,5
2-50667-B-41.wav,2,41,chainsaw,True,50667,B,10,44100,220500,1,5
2-50668-A-41.wav,2,41,chainsaw,True,50668,A,10,44100,220500,1,5
2-50668-B-41.wav,2,41,chainsaw,True,50668,B,10,44100,220500,1,5
2-68391-A-41.wav,2,41,chainsaw,True,68391,A,10,44100,220500,1,5
2-68391-B-41.wav,2,41,chainsaw,True,68391,B,10,44100,220500,1,5
2-77945-A-41.wav,2,41,chainsaw,True,77945,A,10,44100,220500,1,5
2-77945-B-41.wav,2,41,chainsaw,True,77945,B,10,44100,220500,1,5
3-136288-A-0.wav,3,0,dog,True,136288,A,1,44100,220500,1,5
3-144028-A-0.wav,3,0,dog,True,144028,A,1,44100,220500,1,5
3-155312-A-0.wav,3,0,dog,True,155312,A,1,44100,220500,1,5
3-157695-A-0.wav,3,0,dog,True,157695,A,1,44100,220500,1,5
3-163459-A-0.wav,3,0,dog,True,163459,A,1,44100,220500,1,5
3-170015-A-0.wav,3,0,dog,True,170015,A,1,44100,220500,1,5
3-180256-A-0.wav,3,0,dog,True,180256,A,1,44100,220500,1,5
3-180977-A-0.wav,3,0,dog,True,180977,A,1,44100,220500,1,5
3-107219-A-1.wav,3,1,rooster,True,107219,A,2,44100,220500,1,5
3-116135-A-1.wav,3,1,rooster,True,116135,A,2,44100,220500,1,5
3-134049-A-1.wav,3,1,rooster,True,134049,A,2,44100,220500,1,5
3-137152-A-1.wav,3,1,rooster,True,137152,A,2,44100,220500,1,5
3-145382-A-1.wav,3,1,rooster,True,145382,A,2,44100,220500,1,5
3-149189-A-1.wav,3,1,rooster,True,149189,A,2,44100,220500,1,5
3-154957-A-1.wav,3,1,rooster,True,154957,A,2,44100,220500,1,5
3-163288-A-1.wav,3,1,rooster,True,163288,A,2,44100,220500,1,5
3-132852-A-10.wav,3,10,rain,True,132852,A,3,44100,220500,1,5
3-140774-A-10.wav,3,10,rain,True,140774,A,3,44100,220500,1,5
3-142005-A-10.wav,3,10,rain,True,142005,A,3,44100,220500,1,5
3-142006-A-10.wav,3,10,rain,True,142006,A,3,44100,220500,1,5
3-143929-A-10.wav,3,10,rain,True,143929,A,3,44100,220500,1,5
3-157149-A-10.wav,3,10,rain,True,157149,A,3,44100,220500,1,5
3-157487-A-10.wav,3,10,rain,True,157487,A,3,44100,220500,1,5
3-157615-A-10.wav,3,10,rain,True,157615,A,3,44100,220500,1,5
3-144827-A-11.wav,3,11,sea_waves,True,144827,A,4,44100,220500,1,5
3-144827-B-11.wav,3,11,sea_waves,True,144827,B,4,44100,220500,1,5
3-155642-A-11.wav,3,11,sea_waves,True,155642,A,4,44100,220500,1,5
3-155642-B-11.wav,3,11,sea_waves,True,155642,B,4,44100,220500,1,5
3-164120-A-11.wav,3,11,sea_waves,True,164120,A,4,44100,220500,1,5
3-164630-A-11.wav,3,11,sea_waves,True,164630,A,4,44100,220500,1,5
3-166422-A-11.wav,3,11,sea_waves,True,166422,A,4,44100,220500,1,5
3-187710-A-11.wav,3,11,sea_waves,True,187710,A,4,44100,220500,1,5
3-104632-A-12.wav,3,12,crackling_fire,True,104632,A,5,44100,220500,1,5
3-104958-A-12.wav,3,12,crackling_fire,True,104958,A,5,44100,220500,1,5
3-120644-A-12.wav,3,12,crackling_fire,True,120644,A,5,44100,220500,1,5
3-145774-A-12.wav,3,12,crackling_fire,True,145774,A,5,44100,220500,1,5
3-147965-A-12.wav,3,12,crackling_fire,True,147965,A,5,44100,220500,1,5
3-157187-A-12.wav,3,12,crackling_fire,True,157187,A,5,44100,220500,1,5
3-158476-A-12.wav,3,12,crackling_fire,True,158476,A,5,44100,220500,1,5
3-65748-A-12.wav,3,12,crackling_fire,True,65748,A,5,44100,220500,1,5
3-151080-A-20.wav,3,20,crying_baby,True,151080,A,6,44100,220500,1,5
3-151081-A-20.wav,3,20,crying_baby,True,151081,A,6,44100,220500,1,5
3-151081-B-20.wav,3,20,crying_baby,True,151081,B,6,44100,220500,1,5
3-152007-A-20.wav,3,20,crying_baby,True,152007,A,6,44100,220500,1,5
3-152007-B-20.wav,3,20,crying_baby,True,152007,B,6,44100,220500,1,5
3-152007-C-20.wav,3,20,crying_baby,True,152007,C,6,44100,220500,1,5
3-152007-D-20.wav,3,20,crying_baby,True,152007,D,6,44100,220500,1,5
3-152007-E-20.wav,3,20,crying_baby,True,152007,E,6,44100,220500,1,5
3-141684-A-21.wav,3,21,sneezing,True,141684,A,7,44100,220500,1,5
3-142601-A-21.wav,3,21,sneezing,True,142601,A,7,44100,220500,1,5
3-142605-A-21.wav,3,21,sneezing,True,142605,A,7,44100,220500,1,5
3-143119-A-21.wav,3,21,sneezing,True,143119,A,7,44100,220500,1,5
3-144692-A-21.wav,3,21,sneezing,True,144692,A,7,44100,220500,1,5
3-148330-A-21.wav,3,21,sneezing,True,148330,A,7,44100,220500,1,5
3-150231-A-21.wav,3,21,sneezing,True,150231,A,7,44100,220500,1,5
3-156558-A-21.wav,3,21,sneezing,True,156558,A,7,44100,220500,1,5
3-142593-A-38.wav,3,38,clock_tick,True,142593,A,8,44100,220500,1,5
3-143933-A-38.wav,3,38,clock_tick,True,143933,A,8,44100,220500,1,5
3-150363-A-38.wav,3,38,clock_tick,True,150363,A,8,44100,220500,1,5
3-164688-A-38.wav,3,38,clock_tick,True,164688,A,8,44100,220500,1,5
3-170377-A-38.wav,3,38,clock_tick,True,170377,A,8,44100,220500,1,5
3-170383-A-38.wav,3,38,clock_tick,True,170383,A,8,44100,220500,1,5
3-171012-A-38.wav,3,38,clock_tick,True,171012,A,8,44100,220500,1,5
3-171041-A-38.wav,3,38,clock_tick,True,171041,A,8,44100,220500,1,5
3-150979-A-40.wav,3,40,helicopter,True,150979,A,9,44100,220500,1,5
3-150979-B-40.wav,3,40,helicopter,True,150979,B,9,44100,220500,1,5
3-150979-C-40.wav,3,40,helicopter,True,150979,C,9,44100,220500,1,5
3-154926-A-40.wav,3,40,helicopter,True,154926,A,9,44100,220500,1,5
3-154926-B-40.wav,3,40,helicopter,True,154926,B,9,44100,220500,1,5
3-68630-A-40.wav,3,40,helicopter,True,68630,A,9,44100,220500,1,5
3-68630-B-40.wav,3,40,helicopter,True,68630,B,9,44100,220500,1,5
3-68630-C-40.wav,3,40,helicopter,True,68630,C,9,44100,220500,1,5
3-118656-A-41.wav,3,41,chainsaw,True,118656,A,10,44100,220500,1,5
3-118657-A-41.wav,3,41,chainsaw,True,118657,A,10,44100,220500,1,5
3-118657-B-41.wav,3,41,chainsaw,True,118657,B,10,44100,220500,1,5
3-118658-A-41.wav,3,41,chainsaw,True,118658,A,10,44100,220500,1,5
3-118658-B-41.wav,3,41,chainsaw,True,118658,B,10,44100,220500,1,5
3-118972-A-41.wav,3,41,chainsaw,True,118972,A,10,44100,220500,1,5
3-118972-B-41.wav,3,41,chainsaw,True,118972,B,10,44100,220500,1,5
3-165856-A-41.wav,3,41,chainsaw,True,165856,A,10,44100,220500,1,5
4-182395-A-0.wav,4,0,dog,True,182395,A,1,44100,220500,1,5
4-183992-A-0.wav,4,0,dog,True,183992,A,1,44100,220500,1,5
4-184575-A-0.wav,4,0,dog,True,184575,A,1,44100,220500,1,5
4-191687-A-0.wav,4,0,dog,True,191687,A,1,44100,220500,1,5
4-192236-A-0.wav,4,0,dog,True,192236,A,1,44100,220500,1,5
4-194754-A-0.wav,4,0,dog,True,194754,A,1,44100,220500,1,5
4-199261-A-0.wav,4,0,dog,True,199261,A,1,44100,220500,1,5
4-207124-A-0.wav,4,0,dog,True,207124,A,1,44100,220500,1,5
4-164021-A-1.wav,4,1,rooster,True,164021,A,2,44100,220500,1,5
4-164064-A-1.wav,4,1,rooster,True,164064,A,2,44100,220500,1,5
4-164064-B-1.wav,4,1,rooster,True,164064,B,2,44100,220500,1,5
4-164064-C-1.wav,4,1,rooster,True,164064,C,2,44100,220500,1,5
4-164859-A-1.wav,4,1,rooster,True,164859,A,2,44100,220500,1,5
4-170078-A-1.wav,4,1,rooster,True,170078,A,2,44100,220500,1,5
4-183487-A-1.wav,4,1,rooster,True,183487,A,2,44100,220500,1,5
4-208021-A-1.wav,4,1,rooster,True,208021,A,2,44100,220500,1,5
4-160999-A-10.wav,4,10,rain,True,160999,A,3,44100,220500,1,5
4-161127-A-10.wav,4,10,rain,True,161127,A,3,44100,220500,1,5
4-163264-A-10.wav,4,10,rain,True,163264,A,3,44100,220500,1,5
4-164206-A-10.wav,4,10,rain,True,164206,A,3,44100,220500,1,5
4-166661-A-10.wav,4,10,rain,True,166661,A,3,44100,220500,1,5
4-177250-A-10.wav,4,10,rain,True,177250,A,3,44100,220500,1,5
4-180380-A-10.wav,4,10,rain,True,180380,A,3,44100,220500,1,5
4-181286-A-10.wav,4,10,rain,True,181286,A,3,44100,220500,1,5
4-167063-A-11.wav,4,11,sea_waves,True,167063,A,4,44100,220500,1,5
4-167063-B-11.wav,4,11,sea_waves,True,167063,B,4,44100,220500,1,5
4-167063-C-11.wav,4,11,sea_waves,True,167063,C,4,44100,220500,1,5
4-182613-A-11.wav,4,11,sea_waves,True,182613,A,4,44100,220500,1,5
4-182613-B-11.wav,4,11,sea_waves,True,182613,B,4,44100,220500,1,5
4-195497-A-11.wav,4,11,sea_waves,True,195497,A,4,44100,220500,1,5
4-195497-B-11.wav,4,11,sea_waves,True,195497,B,4,44100,220500,1,5
4-204618-A-11.wav,4,11,sea_waves,True,204618,A,4,44100,220500,1,5
4-164661-A-12.wav,4,12,crackling_fire,True,164661,A,5,44100,220500,1,5
4-164661-B-12.wav,4,12,crackling_fire,True,164661,B,5,44100,220500,1,5
4-170247-A-12.wav,4,12,crackling_fire,True,170247,A,5,44100,220500,1,5
4-170247-B-12.wav,4,12,crackling_fire,True,170247,B,5,44100,220500,1,5
4-171207-A-12.wav,4,12,crackling_fire,True,171207,A,5,44100,220500,1,5
4-181563-A-12.wav,4,12,crackling_fire,True,181563,A,5,44100,220500,1,5
4-182368-A-12.wav,4,12,crackling_fire,True,182368,A,5,44100,220500,1,5
4-182369-A-12.wav,4,12,crackling_fire,True,182369,A,5,44100,220500,1,5
4-167077-A-20.wav,4,20,crying_baby,True,167077,A,6,44100,220500,1,5
4-167077-B-20.wav,4,20,crying_baby,True,167077,B,6,44100,220500,1,5
4-167077-C-20.wav,4,20,crying_baby,True,167077,C,6,44100,220500,1,5
4-185575-A-20.wav,4,20,crying_baby,True,185575,A,6,44100,220500,1,5
4-185575-B-20.wav,4,20,crying_baby,True,185575,B,6,44100,220500,1,5
4-185575-C-20.wav,4,20,crying_baby,True,185575,C,6,44100,220500,1,5
4-59579-A-20.wav,4,20,crying_baby,True,59579,A,6,44100,220500,1,5
4-59579-B-20.wav,4,20,crying_baby,True,59579,B,6,44100,220500,1,5
4-156843-A-21.wav,4,21,sneezing,True,156843,A,7,44100,220500,1,5
4-156844-A-21.wav,4,21,sneezing,True,156844,A,7,44100,220500,1,5
4-157297-A-21.wav,4,21,sneezing,True,157297,A,7,44100,220500,1,5
4-167642-A-21.wav,4,21,sneezing,True,167642,A,7,44100,220500,1,5
4-171519-A-21.wav,4,21,sneezing,True,171519,A,7,44100,220500,1,5
4-184434-A-21.wav,4,21,sneezing,True,184434,A,7,44100,220500,1,5
4-185415-A-21.wav,4,21,sneezing,True,185415,A,7,44100,220500,1,5
4-185619-A-21.wav,4,21,sneezing,True,185619,A,7,44100,220500,1,5
4-175945-A-38.wav,4,38,clock_tick,True,175945,A,8,44100,220500,1,5
4-179984-A-38.wav,4,38,clock_tick,True,179984,A,8,44100,220500,1,5
4-181035-A-38.wav,4,38,clock_tick,True,181035,A,8,44100,220500,1,5
4-181865-A-38.wav,4,38,clock_tick,True,181865,A,8,44100,220500,1,5
4-188033-A-38.wav,4,38,clock_tick,True,188033,A,8,44100,220500,1,5
4-191327-A-38.wav,4,38,clock_tick,True,191327,A,8,44100,220500,1,5
4-194711-A-38.wav,4,38,clock_tick,True,194711,A,8,44100,220500,1,5
4-198965-A-38.wav,4,38,clock_tick,True,198965,A,8,44100,220500,1,5
4-125929-A-40.wav,4,40,helicopter,True,125929,A,9,44100,220500,1,5
4-161579-A-40.wav,4,40,helicopter,True,161579,A,9,44100,220500,1,5
4-161579-B-40.wav,4,40,helicopter,True,161579,B,9,44100,220500,1,5
4-175000-A-40.wav,4,40,helicopter,True,175000,A,9,44100,220500,1,5
4-175000-B-40.wav,4,40,helicopter,True,175000,B,9,44100,220500,1,5
4-175000-C-40.wav,4,40,helicopter,True,175000,C,9,44100,220500,1,5
4-193480-A-40.wav,4,40,helicopter,True,193480,A,9,44100,220500,1,5
4-193480-B-40.wav,4,40,helicopter,True,193480,B,9,44100,220500,1,5
4-149294-A-41.wav,4,41,chainsaw,True,149294,A,10,44100,220500,1,5
4-149294-B-41.wav,4,41,chainsaw,True,149294,B,10,44100,220500,1,5
4-157611-A-41.wav,4,41,chainsaw,True,157611,A,10,44100,220500,1,5
4-157611-B-41.wav,4,41,chainsaw,True,157611,B,10,44100,220500,1,5
4-165823-A-41.wav,4,41,chainsaw,True,165823,A,10,44100,220500,1,5
4-165823-B-41.wav,4,41,chainsaw,True,165823,B,10,44100,220500,1,5
4-169127-A-41.wav,4,41,chainsaw,True,169127,A,10,44100,220500,1,5
4-169127-B-41.wav,4,41,chainsaw,True,169127,B,10,44100,220500,1,5
5-203128-A-0.wav,5,0,dog,True,203128,A,1,44100,220500,1,5
5-203128-B-0.wav,5,0,dog,True,203128,B,1,44100,220500,1,5
5-208030-A-0.wav,5,0,dog,True,208030,A,1,44100,220500,1,5
5-212454-A-0.wav,5,0,dog,True,212454,A,1,44100,220500,1,5
5-213855-A-0.wav,5,0,dog,True,213855,A,1,44100,220500,1,5
5-217158-A-0.wav,5,0,dog,True,217158,A,1,44100,220500,1,5
5-231762-A-0.wav,5,0,dog,True,231762,A,1,44100,220500,1,5
5-9032-A-0.wav,5,0,dog,True,9032,A,1,44100,220500,1,5
5-194930-A-1.wav,5,1,rooster,True,194930,A,2,44100,220500,1,5
5-194930-B-1.wav,5,1,rooster,True,194930,B,2,44100,220500,1,5
5-200334-A-1.wav,5,1,rooster,True,200334,A,2,44100,220500,1,5
5-200334-B-1.wav,5,1,rooster,True,200334,B,2,44100,220500,1,5
5-200339-A-1.wav,5,1,rooster,True,200339,A,2,44100,220500,1,5
5-233160-A-1.wav,5,1,rooster,True,233160,A,2,44100,220500,1,5
5-234879-A-1.wav,5,1,rooster,True,234879,A,2,44100,220500,1,5
5-234879-B-1.wav,5,1,rooster,True,234879,B,2,44100,220500,1,5
5-181766-A-10.wav,5,10,rain,True,181766,A,3,44100,220500,1,5
5-188655-A-10.wav,5,10,rain,True,188655,A,3,44100,220500,1,5
5-193339-A-10.wav,5,10,rain,True,193339,A,3,44100,220500,1,5
5-194892-A-10.wav,5,10,rain,True,194892,A,3,44100,220500,1,5
5-195710-A-10.wav,5,10,rain,True,195710,A,3,44100,220500,1,5
5-198321-A-10.wav,5,10,rain,True,198321,A,3,44100,220500,1,5
5-202898-A-10.wav,5,10,rain,True,202898,A,3,44100,220500,1,5
5-203739-A-10.wav,5,10,rain,True,203739,A,3,44100,220500,1,5
5-200461-A-11.wav,5,11,sea_waves,True,200461,A,4,44100,220500,1,5
5-200461-B-11.wav,5,11,sea_waves,True,200461,B,4,44100,220500,1,5
5-208810-A-11.wav,5,11,sea_waves,True,208810,A,4,44100,220500,1,5
5-208810-B-11.wav,5,11,sea_waves,True,208810,B,4,44100,220500,1,5
5-213077-A-11.wav,5,11,sea_waves,True,213077,A,4,44100,220500,1,5
5-219379-A-11.wav,5,11,sea_waves,True,219379,A,4,44100,220500,1,5
5-219379-B-11.wav,5,11,sea_waves,True,219379,B,4,44100,220500,1,5
5-219379-C-11.wav,5,11,sea_waves,True,219379,C,4,44100,220500,1,5
5-186924-A-12.wav,5,12,crackling_fire,True,186924,A,5,44100,220500,1,5
5-189212-A-12.wav,5,12,crackling_fire,True,189212,A,5,44100,220500,1,5
5-189237-A-12.wav,5,12,crackling_fire,True,189237,A,5,44100,220500,1,5
5-193473-A-12.wav,5,12,crackling_fire,True,193473,A,5,44100,220500,1,5
5-193473-B-12.wav,5,12,crackling_fire,True,193473,B,5,44100,220500,1,5
5-213802-A-12.wav,5,12,crackling_fire,True,213802,A,5,44100,220500,1,5
5-215658-A-12.wav,5,12,crackling_fire,True,215658,A,5,44100,220500,1,5
5-215658-B-12.wav,5,12,crackling_fire,True,215658,B,5,44100,220500,1,5
5-151085-A-20.wav,5,20,crying_baby,True,151085,A,6,44100,220500,1,5
5-198411-A-20.wav,5,20,crying_baby,True,198411,A,6,44100,220500,1,5
5-198411-B-20.wav,5,20,crying_baby,True,198411,B,6,44100,220500,1,5
5-198411-C-20.wav,5,20,crying_baby,True,198411,C,6,44100,220500,1,5
5-198411-D-20.wav,5,20,crying_baby,True,198411,D,6,44100,220500,1,5
5-198411-E-20.wav,5,20,crying_baby,True,198411,E,6,44100,220500,1,5
5-198411-F-20.wav,5,20,crying_baby,True,198411,F,6,44100,220500,1,5
5-198411-G-20.wav,5,20,crying_baby,True,198411,G,6,44100,220500,1,5
5-187979-A-21.wav,5,21,sneezing,True,187979,A,7,44100,220500,1,5
5-194533-A-21.wav,5,21,sneezing,True,194533,A,7,44100,220500,1,5
5-201274-A-21.wav,5,21,sneezing,True,201274,A,7,44100,220500,1,5
5-202220-A-21.wav,5,21,sneezing,True,202220,A,7,44100,220500,1,5
5-220026-A-21.wav,5,21,sneezing,True,220026,A,7,44100,220500,1,5
5-220027-A-21.wav,5,21,sneezing,True,220027,A,7,44100,220500,1,5
5-221518-A-21.wav,5,21,sneezing,True,221518,A,7,44100,220500,1,5
5-221593-A-21.wav,5,21,sneezing,True,221593,A,7,44100,220500,1,5
5-201194-A-38.wav,5,38,clock_tick,True,201194,A,8,44100,220500,1,5
5-208624-A-38.wav,5,38,clock_tick,True,208624,A,8,44100,220500,1,5
5-209698-A-38.wav,5,38,clock_tick,True,209698,A,8,44100,220500,1,5
5-209833-A-38.wav,5,38,clock_tick,True,209833,A,8,44100,220500,1,5
5-210571-A-38.wav,5,38,clock_tick,True,210571,A,8,44100,220500,1,5
5-212181-A-38.wav,5,38,clock_tick,True,212181,A,8,44100,220500,1,5
5-219342-A-38.wav,5,38,clock_tick,True,219342,A,8,44100,220500,1,5
5-235671-A-38.wav,5,38,clock_tick,True,235671,A,8,44100,220500,1,5
5-177957-A-40.wav,5,40,helicopter,True,177957,A,9,44100,220500,1,5
5-177957-B-40.wav,5,40,helicopter,True,177957,B,9,44100,220500,1,5
5-177957-C-40.wav,5,40,helicopter,True,177957,C,9,44100,220500,1,5
5-177957-D-40.wav,5,40,helicopter,True,177957,D,9,44100,220500,1,5
5-177957-E-40.wav,5,40,helicopter,True,177957,E,9,44100,220500,1,5
5-191131-A-40.wav,5,40,helicopter,True,191131,A,9,44100,220500,1,5
5-205898-A-40.wav,5,40,helicopter,True,205898,A,9,44100,220500,1,5
5-220955-A-40.wav,5,40,helicopter,True,220955,A,9,44100,220500,1,5
5-170338-A-41.wav,5,41,chainsaw,True,170338,A,10,44100,220500,1,5
5-170338-B-41.wav,5,41,chainsaw,True,170338,B,10,44100,220500,1,5
5-171653-A-41.wav,5,41,chainsaw,True,171653,A,10,44100,220500,1,5
5-185579-A-41.wav,5,41,chainsaw,True,185579,A,10,44100,220500,1,5
5-185579-B-41.wav,5,41,chainsaw,True,185579,B,10,44100,220500,1,5
5-216370-A-41.wav,5,41,chainsaw,True,216370,A,10,44100,220500,1,5
5-216370-B-41.wav,5,41,chainsaw,True,216370,B,10,44100,220500,1,5
5-222524-A-41.wav,5,41,chainsaw,True,222524,A,10,44100,220500,1,5
