Category,Feature,N,Mean,Median,Q25,Q75
sea_waves,RMS_mean,40,0.095250974113728,0.0925305239932639,0.0733417147256578,0.113701190430544
chainsaw,RMS_mean,40,0.145227972294544,0.144316243996296,0.100285017758542,0.188300792328922
sea_waves,ZCR_mean,40,0.0816039389309233,0.0816681878667941,0.0661653947940835,0.0969160510782039
chainsaw,ZCR_mean,40,0.0923260760447233,0.0838678192600996,0.0566886334362631,0.12011569473352
sea_waves,centroid_mean,40,1230.62014407598,1306.84657317821,893.595218227881,1562.15238736622
chainsaw,centroid_mean,40,1397.51834963799,1219.50717986652,827.020730855844,1799.68886021499
sea_waves,spread_mean,40,1446.14595224785,1464.02662912175,1111.86322170809,1609.42263180294
chainsaw,spread_mean,40,1732.33123020903,1665.87050038152,1064.8438873193,2358.13768134029
sea_waves,flatness_mean,40,0.00250998000398833,0.000944893210988719,0.000461416895698715,0.00184395360218854
chainsaw,flatness_mean,40,0.00799101305510918,0.000994729182749227,0.000303598354296672,0.00729566999271092
sea_waves,rolloff_mean,40,2596.48462423869,2555.90627718968,1841.18878924376,3143.44796802494
chainsaw,rolloff_mean,40,3375.31959763812,2878.42969429742,1786.10675572796,4728.36166346433
