filename,fold,class_id,category,RMS_mean,ZCR_mean,centroid_mean,spread_mean,flatness_mean,rolloff_mean,RMS_std,ZCR_std,centroid_std,spread_std,flatness_std,rolloff_std
1-28135-A-11.wav,1,4,sea_waves,0.0920329117949858,0.0674332733383377,926.600802720633,1264.00082149016,0.000522824792644541,1983.90246610354,0.0419051152064026,0.0166658085743758,209.288660795595,170.378435944288,0.000515076907215918,426.57969267868
1-28135-B-11.wav,1,4,sea_waves,0.091613693889301,0.0648975162498294,920.680912308906,1196.67556604791,0.000449728747526154,1978.80644123405,0.0317593203425232,0.0219860695345324,316.90768456486,306.782161016381,0.000222993501656241,662.906643661875
1-39901-A-11.wav,1,4,sea_waves,0.0809485293388975,0.0511033943377235,759.460167452686,940.279059792664,0.00163032786782045,1430.93380673579,0.0428243563055085,0.0190190704118345,297.980368882436,370.384376883993,0.0138736638201192,812.823384491242
1-39901-B-11.wav,1,4,sea_waves,0.0818884185315503,0.0506410365770438,723.803149310376,915.746579120709,0.00048419335397694,1290.54331768416,0.0420672089065976,0.0153112903174436,167.693773566195,248.892547788829,0.000351364202673105,432.982320617111
1-43760-A-11.wav,1,4,sea_waves,0.0808676656616895,0.0944237708134298,1625.40066689935,1594.04342622316,0.00208996482968327,2925.91765153712,0.0230924659191905,0.0180666530729692,238.400643889289,324.806683085526,0.00687743264498052,590.310700625464
1-61252-A-11.wav,1,4,sea_waves,0.105888718505521,0.0783886865360994,1028.41460366905,1569.20483866137,0.000806866674512002,2429.70472012761,0.0428276260978188,0.0185010514086876,198.199221079608,212.025016369959,0.0005733019122521,535.521239552618
1-91359-A-11.wav,1,4,sea_waves,0.13307263028209,0.109999669458851,1359.60743508384,2307.56707744464,0.00228703950593108,2876.85592191125,0.0301351058212641,0.0260351436110075,323.426290024729,340.584255092718,0.00242443311499364,1079.51581847937
1-91359-B-11.wav,1,4,sea_waves,0.126529173986874,0.0722974529138802,773.975770733956,1608.91760410877,0.00122357201941798,1663.35250960702,0.0375983701592902,0.0328841705425376,382.486202622074,520.120336298168,0.00116057364095464,925.093666238124
1-116765-A-41.wav,1,10,chainsaw,0.160919234414592,0.0526851670192439,773.422813538075,919.934991851585,0.000144851218233655,1410.05009697651,0.0646910608468122,0.0149662916315292,196.375616038436,174.672493203727,0.000173031347501224,540.319467058456
1-19898-A-41.wav,1,10,chainsaw,0.0547155653851574,0.0763588440016378,965.961206028679,1588.82658394032,0.00710328886175504,2392.18398800029,0.0346903200525942,0.0380879527163873,683.755107480234,745.554569006991,0.0206836675301243,2032.03726940843
1-19898-B-41.wav,1,10,chainsaw,0.107954141767509,0.107651281220145,1556.76831446717,1922.23794637798,0.00157916074503022,3648.95365066705,0.0677803419946798,0.0389295556797638,705.013971122926,594.269714580025,0.00187328693337209,1911.15467381566
1-19898-C-41.wav,1,10,chainsaw,0.0938065036906949,0.108365996485601,1526.68667029948,2176.47718421941,0.0025249726922117,4017.86588239559,0.071937791635295,0.0440508721490233,686.374586585444,813.837064367555,0.00895615380933962,2718.28954689566
1-47250-A-41.wav,1,10,chainsaw,0.152567256413912,0.0548143851508121,865.572261457458,890.224812376457,0.000184463821267578,1709.96614885441,0.020025925274887,0.0125355018461723,145.250150921093,144.171984403551,0.000403427633143896,452.277328109097
1-47250-B-41.wav,1,10,chainsaw,0.144906388182941,0.0603638511669169,899.50726175152,1008.18045714165,0.000224232144398066,1595.55539443155,0.0347497776867936,0.017820386976153,218.064656293053,247.72123962375,0.000297147407339933,548.292950494422
1-64398-A-41.wav,1,10,chainsaw,0.0966803387126614,0.0819250236710113,1206.92116805378,1533.11498103524,0.0078177081896128,2775.38507377465,0.0936549236920514,0.0424817568099473,598.864481407549,828.066121876995,0.019518608648277,1305.39410894723
1-64398-B-41.wav,1,10,chainsaw,0.270208304011408,0.0322110750477685,433.872766355985,716.202815420552,9.87741311314338e-05,727.282686521172,0.0287832419102619,0.0114143781118982,39.0317089985124,66.8616011788484,0.000228873256995442,94.4105869491661
2-102852-A-11.wav,2,4,sea_waves,0.089144811214413,0.105367881636413,1733.30411860023,1706.79100109145,0.000902863280669625,3829.61272839327,0.0173408477317555,0.0167641776957646,214.170036331991,193.720338734507,0.000697284970527199,622.32373148505
2-124662-A-11.wav,2,4,sea_waves,0.0472465060195951,0.123414068897571,1729.07132937669,2349.62697683311,0.00625872535218588,4727.91201421114,0.0380596683470856,0.0566737844921548,887.812022796514,929.823987101471,0.00768573210724955,3207.489647335
2-125966-A-11.wav,2,4,sea_waves,0.0620739034329462,0.0674666473317865,992.623808162476,1457.41564872425,0.00734294814666932,2217.17050645302,0.0316561597210636,0.0394111197069809,742.036233124005,654.339315745208,0.0129348950272332,1688.68772774977
2-132157-A-11.wav,2,4,sea_waves,0.0642712213338599,0.0758691099699741,1012.16418240888,1504.28079044903,0.00110085036521135,2008.33340886021,0.0462899297641097,0.0251107485422084,323.022022553511,372.972512090545,0.000656744973823745,944.525902093939
2-132157-B-11.wav,2,4,sea_waves,0.0666543492085762,0.099408331342978,1341.46893638703,1939.72725460759,0.00163455405705782,3113.07166292053,0.0469699742999079,0.0271268674120591,345.713395303579,380.687360609343,0.00102294489359776,1092.01243584123
2-133863-A-11.wav,2,4,sea_waves,0.0760248287788099,0.0648342069571448,866.509524146856,1219.60826977374,0.000681600341224554,1850.75632613109,0.0503402982394732,0.0230060287150709,319.546048774022,360.192121497027,0.000815819018114401,1020.84842225825
2-137162-A-11.wav,2,4,sea_waves,0.105120495007661,0.092606514219667,1395.70563151277,1596.53479808364,0.00163204238768018,3173.82427312935,0.0530992051459883,0.0189282007952671,291.301944397779,187.552261613431,0.00147320124884459,527.790784100688
2-155801-A-11.wav,2,4,sea_waves,0.0896340218803837,0.07014770924321,859.595937340352,1407.82674381607,0.000682615816163372,1908.06162539878,0.0382795915668889,0.0222025371110896,256.478223767289,264.235846247926,0.000351433167721171,976.257627607458
2-50667-A-41.wav,2,10,chainsaw,0.179683754401717,0.0896501701753787,1252.15570662816,1742.91441682271,0.000758287812363564,3257.75880039153,0.0662894352326504,0.0246284234555913,315.279989666443,245.689556567637,0.0016579540985775,961.679856540617
2-50667-B-41.wav,2,10,chainsaw,0.0882806146679085,0.0723475139040535,944.984373930706,1368.70842658672,0.000669653116740917,2294.36029491734,0.0708238133868381,0.0291259218850385,460.78077132629,490.728939805256,0.000548226997639052,1372.86071494099
2-50668-A-41.wav,2,10,chainsaw,0.1105400961535,0.120865996485601,1610.20389783208,2423.4749570307,0.00190979803192384,4918.36345345128,0.0349654516081447,0.0299371744385132,426.486751433493,383.117887465087,0.00147338281110194,1126.55335719842
2-50668-B-41.wav,2,10,chainsaw,0.179176371212391,0.112611371042036,1534.47337341142,2381.88698585653,0.00186365575193788,4538.35987347738,0.0593443298008627,0.0495298101810764,834.007764680896,729.197699980946,0.00221567193300432,2508.94677785211
2-68391-A-41.wav,2,10,chainsaw,0.0221150528103155,0.0606155689146308,901.267606055857,1024.91094553898,0.000511437691680796,2088.22109284368,0.0153431918557431,0.0230479444581482,344.433033914298,247.915440687851,0.000230802698022044,735.175895752628
2-68391-B-41.wav,2,10,chainsaw,0.0864503318916764,0.096107344837587,1566.30204709329,1345.96067154148,0.000297611454085723,3114.02092245505,0.0175486243727895,0.0141610755494331,243.79596614527,122.774718949606,0.000221435261515751,623.180732918281
2-77945-A-41.wav,2,10,chainsaw,0.140964184517182,0.178221123498703,2933.91065418156,3374.27505148566,0.0580586633258996,7579.33777280307,0.0802433345238727,0.0482952845854615,835.128957919697,644.7668139872,0.0286651989680994,1729.36136231333
2-77945-B-41.wav,2,10,chainsaw,0.220593334885652,0.178299813617442,2899.97464373529,3344.2157825503,0.071632573294179,7658.17627519577,0.0629362496023355,0.0262919086065078,502.865778911247,285.756346102621,0.0191877083634306,1030.30184589649
3-144827-A-11.wav,3,4,sea_waves,0.13667496435438,0.0681038453664528,1101.36325701826,1076.15057961303,0.0003400446312249,1831.62125235644,0.0320892507378224,0.0127910503542519,130.462581392604,135.153849971659,0.000610960932700868,283.944781942252
3-144827-B-11.wav,3,4,sea_waves,0.132713721934381,0.0580936732291525,944.445673886061,937.906350206616,0.000277776656588812,1476.69810850493,0.0477904855873601,0.0139484903653524,146.668272509972,153.396741367592,0.000308136986538066,206.307688116976
3-155642-A-11.wav,3,4,sea_waves,0.132277709337802,0.0433789942165962,528.365748310405,853.287696394049,0.00026088641513125,968.244725203016,0.0260943766239929,0.014149822018191,129.839014018041,155.690005249622,0.000111398220046456,216.255523946956
3-155642-B-11.wav,3,4,sea_waves,0.143826254756601,0.0503241435785451,600.922947919281,998.774258691526,0.000335742721824709,1079.35805176914,0.0397746446271042,0.0191184120443837,160.956014182823,278.524285515867,0.000218766870088326,376.727527409498
3-164120-A-11.wav,3,4,sea_waves,0.0951428952222292,0.116966197369319,1715.78884568756,2099.67696325263,0.000986923141307814,5006.44474604843,0.0525736081000153,0.0281981351932863,466.979501953426,358.631663328105,0.000470419894227439,1556.31348459428
3-164630-A-11.wav,3,4,sea_waves,0.097344413854755,0.109727186263136,1711.15630450589,2214.79814163944,0.00736937421003285,3793.99051533498,0.023883413042628,0.0248805875221686,439.518764082482,467.144330370156,0.0121912863857358,1506.1371827252
3-166422-A-11.wav,3,4,sea_waves,0.119144780667662,0.136446160178108,2236.95974681989,2392.54643031121,0.0354351639454486,5656.73748821781,0.0600006818749939,0.0645554044824538,1071.16623078011,1302.25297689119,0.0599901797653613,3360.93311638596
3-187710-A-11.wav,3,4,sea_waves,0.0386674528966411,0.0740374854988399,1000.46766070904,1572.81989642713,0.00788977061644281,2117.69809944171,0.0497579513282846,0.0493002827574465,719.75550621053,861.98517923948,0.0208340632972082,1562.159481255
3-118656-A-41.wav,3,10,chainsaw,0.117622678885349,0.0404451749522315,480.206154860789,993.079801264071,0.000262104994451233,1301.83451004205,0.0712086809938727,0.0180933131714521,161.014542154754,257.93304082721,0.000335653864045133,549.836002825625
3-118657-A-41.wav,3,10,chainsaw,0.0673477846288723,0.0577672905008871,852.915683583476,1086.67643575868,0.000309585254507621,1862.24736260151,0.0496057729303088,0.0247595933152204,449.65787880109,236.171674025225,0.000173674074347073,752.982775371885
3-118657-B-41.wav,3,10,chainsaw,0.194636873352154,0.0451557595195851,580.073383731312,1282.93065452217,0.0001846439836804,1422.5903150377,0.0752957875939691,0.0156892483727972,176.970917261532,315.264286727641,0.000301183462395061,1191.40185441154
3-118658-A-41.wav,3,10,chainsaw,0.103889696804423,0.0571393689436331,813.826861627038,1124.72141078964,0.000507089302838633,1910.15998858034,0.0546529891552958,0.0288857298398505,486.239147868625,425.33400297168,0.00115124579961369,1029.61584054657
3-118658-B-41.wav,3,10,chainsaw,0.22499817393031,0.0461821964139484,627.378040523395,1104.60128372984,0.000314013325586485,1324.66669989849,0.0851248229533116,0.0258800619350267,399.630386335167,299.866335187116,0.000401347656163111,991.206808494643
3-118972-A-41.wav,3,10,chainsaw,0.227371768538796,0.136224057851099,2198.35562514452,2469.2809367407,0.015652674259961,5667.27926515371,0.134455477067644,0.0270498993778147,461.370700708463,291.46485982574,0.0127521665266892,1062.85928991898
3-118972-B-41.wav,3,10,chainsaw,0.239060458556614,0.14256277083049,2335.69127757743,2463.12143780241,0.0104448117680829,5821.35907591357,0.174663590168698,0.0388891537834904,734.419631457464,507.653507954902,0.00877788958157994,1584.97659550836
3-165856-A-41.wav,3,10,chainsaw,0.155240996873606,0.034184592304149,574.093484060739,538.877374327846,0.000553997192204203,731.67925699681,0.0883406007711711,0.0107711222341257,122.109613602782,164.004107840352,0.00156215975044671,177.92085255144
4-167063-A-11.wav,4,4,sea_waves,0.0930281361915421,0.0921057177221237,1434.15873579601,1609.9276594971,0.00417063668324993,3194.25833363544,0.028838328644894,0.0283136001488234,415.779997071322,443.626902255681,0.00761622837220143,1169.90126483831
4-167063-B-11.wav,4,4,sea_waves,0.0987376836391508,0.0883464519073291,1357.47813600716,1521.40111663453,0.00222504515465287,2899.13854045824,0.0478584856247267,0.0227171986004449,326.727274103647,332.009751142629,0.00296305678995202,976.229688955253
4-167063-C-11.wav,4,4,sea_waves,0.108257600193427,0.0882222590674901,1347.53140904284,1526.55647701775,0.00205335314731927,2833.63963257686,0.0463033856193576,0.0195361558046369,266.048849711587,298.83555118575,0.00184804875666732,768.149278643133
4-182613-A-11.wav,4,4,sea_waves,0.167397112449869,0.0537273312747373,680.755256506629,1028.1326140848,0.0003142242843491,1406.20309781032,0.0376735129970041,0.0167042913214706,222.03363289906,200.438663674567,0.000291905696488087,535.569330358795
4-182613-B-11.wav,4,4,sea_waves,0.134802239617695,0.0454683341579091,579.254997965445,848.00178353314,0.000316168376514789,990.577304778132,0.0494880783230484,0.0128345687776011,107.467133410882,131.553018113706,0.000351055549561612,256.230606414317
4-195497-A-11.wav,4,4,sea_waves,0.0706586006725057,0.090831961409854,1452.29142950496,1553.41094629977,0.0011952012389977,2787.82536977958,0.0444415926490897,0.0245924936506145,411.861754612248,281.687870233033,0.000720689353817645,806.460268912716
4-195497-B-11.wav,4,4,sea_waves,0.04476153497386,0.084071115395114,1281.13925105767,1470.63760951925,0.00154555269751968,2495.40347212152,0.0480326351089945,0.0292150699201312,462.383362014036,423.587969934598,0.00148342732520978,1178.605182788
4-204618-A-11.wav,4,4,sea_waves,0.102839871347771,0.104663082605432,1932.13139212106,1314.06806324671,7.34388889603908e-06,3828.1138975493,0.0579334538213608,0.0139397577229012,229.432204091141,103.251069330766,6.52364113915839e-05,333.278975534816
4-149294-A-41.wav,4,10,chainsaw,0.142768371800329,0.0911901720519995,1194.3234472187,1960.13615221316,0.0074880511236668,2981.47431482019,0.0708949001733795,0.0307282512319233,331.108095535234,486.104047473532,0.00403904545972699,913.521700543753
4-149294-B-41.wav,4,10,chainsaw,0.221457283027625,0.0607376292309267,840.214600084651,1211.15000797682,0.00126621126511066,2079.32802983614,0.0544785233954564,0.0230238482892371,306.472575103853,327.688250615021,0.000999672696078052,1333.18696469183
4-157611-A-41.wav,4,10,chainsaw,0.201397328372416,0.0408008265661253,567.101001811263,793.105488196163,0.000235203137543984,944.013626558875,0.0313046898213589,0.0131555382578229,158.783434219193,176.032160677617,0.000160828958978823,163.624052832409
4-157611-B-41.wav,4,10,chainsaw,0.143726099809651,0.0562378979288931,758.544088168484,1080.326775515,0.000421322511505089,1134.66490991154,0.0306718387250218,0.0155420003779478,95.3575393692634,195.382405529408,0.000286440743007451,399.738951018032
4-165823-A-41.wav,4,10,chainsaw,0.152068621283576,0.117828110072335,1965.1259686364,1861.64570024161,0.00177391681806367,4121.9846650232,0.0706635361270158,0.0317967757184958,618.532236826234,301.372326614167,0.00218550510925887,1159.96455615065
4-165823-B-41.wav,4,10,chainsaw,0.0922892600543422,0.152062256892316,2561.79357224699,2450.07807070969,0.0055505159803118,5870.92041582077,0.0527408473861788,0.0355072530091303,700.647286791881,405.498250585288,0.00454524453673411,1653.70226531365
4-169127-A-41.wav,4,10,chainsaw,0.0604815585070913,0.177491347285724,2902.472854752,3543.54154915627,0.0681750985713462,8238.27377283933,0.0651383394587652,0.072410097712028,1191.19268072836,1551.14107337175,0.0817465943735943,4432.69198954735
4-169127-B-41.wav,4,10,chainsaw,0.186570203798748,0.185237925651699,2939.23021860277,3020.90153610956,0.0165741960584486,7177.15149633846,0.0418226752406693,0.0257052751087339,492.8310821739,322.551206313774,0.0104164463453684,1032.96361861668
5-200461-A-11.wav,5,4,sea_waves,0.0632842505392644,0.0801149376876621,1272.90550205781,1308.15366046845,0.00078940050999622,2405.62350456787,0.0241224576604998,0.0169378319205468,245.62385823629,167.333694221119,0.000341880080633772,513.347908413375
5-200461-B-11.wav,5,4,sea_waves,0.0880156146370637,0.083221438045926,1332.55389529875,1378.77814805463,0.000705218221217418,2616.40908225783,0.0279223893253655,0.0184678538380264,250.892735943358,242.655332207203,0.000347226495242901,752.395414643791
5-208810-A-11.wav,5,4,sea_waves,0.106002251218291,0.112300155887471,1934.3076556865,1760.00351900042,0.00128874163257818,4052.83860208817,0.0449935800173744,0.0177605819146685,238.09402800409,218.708320570251,0.00167023047009575,504.143770395943
5-208810-B-11.wav,5,4,sea_waves,0.0846284857385388,0.11583566666951,1961.21603754969,1820.90465568139,0.00134632759096323,4093.85660618474,0.036352722039813,0.0203782619905361,325.974111801122,263.1887639738,0.00122419255984497,721.167814634932
5-213077-A-11.wav,5,4,sea_waves,0.132969053847722,0.0254744864883308,229.663040961768,573.807097884844,0.00011031683969327,319.750580046404,0.0503452216600594,0.0157713990112253,93.4386092148534,204.30754766868,9.86211680256741e-05,322.478362548863
5-219379-A-11.wav,5,4,sea_waves,0.0617360475734692,0.0884418556793367,1548.36345933189,1220.37197746478,0.000884888239898128,3003.35724514211,0.0437909149532047,0.0174650748566492,254.898449537073,236.102965361306,0.0010863533380768,538.44247290923
5-219379-B-11.wav,5,4,sea_waves,0.0703317862724306,0.0868786626091852,1575.94131540056,1147.57586380316,0.000473105043871277,2974.6796149942,0.0346306948424602,0.0133282394975481,186.563375503693,131.633734537782,0.000455047658514639,360.992184029127
5-219379-C-11.wav,5,4,sea_waves,0.0937846237449128,0.079077145105432,1417.25708777997,1039.90012491949,0.000347276733439877,2618.15771824246,0.0352566859245117,0.0129225651484439,210.296716974378,109.971927238848,0.000272155054597897,389.063858377517
5-170338-A-41.wav,5,10,chainsaw,0.126700885300048,0.0526718387470998,695.962749350027,1049.3609991236,0.000138952551331469,1886.82818844258,0.051358570828103,0.0210919368876512,275.197398587137,260.24748914856,0.000161268807774723,1006.5327877357
5-170338-B-41.wav,5,10,chainsaw,0.147373566380338,0.0896178091306128,1292.59388917775,1781.15434903308,0.000724585964048718,3586.70220961427,0.053446561872786,0.0312044990318568,492.918492583748,322.944961220915,0.000972229378505827,1269.59278208699
5-171653-A-41.wav,5,10,chainsaw,0.107743166145085,0.0858106148491879,1311.21945269333,1927.36288067368,0.0208406900763074,3457.45302983614,0.103198600399336,0.0625183843829514,1197.8816388822,1215.92962645471,0.0665473867963211,3131.09438731209
5-185579-A-41.wav,5,10,chainsaw,0.120514834874299,0.119365392981439,1634.25175179358,2334.38837682405,0.00123117055313489,4534.66275739559,0.0717067851258234,0.0529321741407339,753.442887151975,894.79419596559,0.000690446197332786,2682.36707296412
5-185579-B-41.wav,5,10,chainsaw,0.210782638797672,0.0717403844513443,919.324715898525,1783.12866292971,0.000582647978827618,2138.98149742604,0.0435617826190496,0.0207742329981548,226.705034410783,313.509003722898,0.000425558882903118,518.878439920987
5-216370-A-41.wav,5,10,chainsaw,0.0918211608301044,0.137069123618125,2372.45187520634,2254.01543827821,0.0078177995267929,5310.75736840197,0.0524726014790626,0.0372756251055079,764.229407769444,397.308276301832,0.0128362129889954,1359.41813117682
5-216370-B-41.wav,5,10,chainsaw,0.173662627252002,0.141514555539443,2379.50533227049,2415.34424131248,0.00310883098050094,5283.47864704176,0.055313589172752,0.0240110727212722,465.861374561578,215.307830545979,0.00689616576970698,464.142909779381
5-222524-A-41.wav,5,10,chainsaw,0.190031380859096,0.0709114192370684,1232.09319167927,1002.77263535652,0.000103276743661925,2498.45109483759,0.0207110103590393,0.0104928253103038,138.374197105059,78.5706506342249,0.000219163583296073,282.168387128195
